{"cameraMode":{"drawMode":0,"name":"Shaded","section":"Shading Mode"},"sceneLighting":true,"audioPlay":false,"sceneViewState":{"showFog":false,"showMaterialUpdate":true,"showSkybox":false,"showFlares":true,"showImageEffects":true,"showParticleSystems":true},"in2DMode":false,"pivot":{"x":-5.796304225921631,"y":-0.7018364071846008,"z":-12.462681770324707},"rotation":{"x":-0.01816534250974655,"y":0.9205635786056519,"z":-0.04312334954738617,"w":-0.3877972364425659},"size":2.687619209289551,"orthographic":true}