{"cameraMode":{"drawMode":0,"name":"Shaded","section":"Shading Mode"},"sceneLighting":true,"audioPlay":false,"sceneViewState":{"showFog":false,"showMaterialUpdate":true,"showSkybox":false,"showFlares":true,"showImageEffects":true,"showParticleSystems":true},"in2DMode":false,"pivot":{"x":353.7973937988281,"y":-60.91891098022461,"z":231.0322265625},"rotation":{"x":-0.4462709426879883,"y":-0.2004147469997406,"z":0.10326631367206574,"w":-0.866045355796814},"size":720.1203002929688,"orthographic":false}