{"cameraMode":{"drawMode":0,"name":"Shaded","section":"Shading Mode"},"sceneLighting":true,"audioPlay":false,"sceneViewState":{"showFog":true,"showMaterialUpdate":true,"showSkybox":true,"showFlares":true,"showImageEffects":true,"showParticleSystems":true},"in2DMode":false,"pivot":{"x":-4.369123458862305,"y":-1.152252197265625,"z":10.658509254455567},"rotation":{"x":0.06663306802511215,"y":-0.2718600630760193,"z":0.018873024731874467,"w":0.9598416090011597},"size":38.309104919433597,"orthographic":false}