{"cameraMode":{"drawMode":0,"name":"Shaded","section":"Shading Mode"},"sceneLighting":true,"audioPlay":false,"sceneViewState":{"showFog":false,"showMaterialUpdate":false,"showSkybox":true,"showFlares":false,"showImageEffects":false,"showParticleSystems":true},"in2DMode":false,"pivot":{"x":0.884242594242096,"y":4.987229347229004,"z":0.8152521848678589},"rotation":{"x":-0.10691159963607788,"y":0.4041389524936676,"z":-0.047628678381443027,"w":-0.9071786999702454},"size":0.9110819697380066,"orthographic":false}