{"cameraMode":{"drawMode":0,"name":"Shaded","section":"Shading Mode"},"sceneLighting":true,"audioPlay":false,"sceneViewState":{"showFog":true,"showMaterialUpdate":true,"showSkybox":true,"showFlares":true,"showImageEffects":true,"showParticleSystems":true},"in2DMode":false,"pivot":{"x":0.7601743936538696,"y":-1.135205864906311,"z":-0.6862590909004211},"rotation":{"x":-0.11249992996454239,"y":-0.035170286893844607,"z":0.003984551411122084,"w":-0.9930211305618286},"size":10.0,"orthographic":false}