{"cameraMode":{"drawMode":0,"name":"Shaded","section":"Shading Mode"},"sceneLighting":true,"audioPlay":false,"sceneViewState":{"showFog":true,"showMaterialUpdate":true,"showSkybox":true,"showFlares":true,"showImageEffects":true,"showParticleSystems":true},"in2DMode":false,"pivot":{"x":1.0745307207107545,"y":1.4320963621139527,"z":-2.5603039264678957},"rotation":{"x":-0.44848665595054629,"y":0.07412131875753403,"z":-0.03735397011041641,"w":-0.8899272084236145},"size":10.0,"orthographic":false}