{"cameraMode":{"drawMode":0,"name":"Shaded","section":"Shading Mode"},"sceneLighting":true,"audioPlay":false,"sceneViewState":{"showFog":true,"showMaterialUpdate":true,"showSkybox":true,"showFlares":true,"showImageEffects":true,"showParticleSystems":true},"in2DMode":false,"pivot":{"x":-2.531534194946289,"y":-0.6236534118652344,"z":-4.81010103225708},"rotation":{"x":-0.09312283992767334,"y":0.5880820155143738,"z":-0.0684114396572113,"w":-0.8005046248435974},"size":6.144983291625977,"orthographic":false}